{
    "loss": 0.1625014692544937,
    "accuracy": 0.935251772403717
}