{
    "loss": 5.076335906982422,
    "accuracy": 0.6187050342559814
}